{
    "dataset_name": "problem1",
    "timestamp": "20260628_215922",
    "number_of_runs": 1,
    "parameters": {
        "pop_size": 10,
        "max_gens": 50,
        "elitism_rate": 0.1,
        "stall_limit": 100,
        "split_threshold": 150,
        "pc_bounds": [
            0.5,
            0.95
        ],
        "pm_bounds": [
            0.05,
            0.2
        ],
        "ts_iter": 30,
        "tabu_size": 15,
        "use_parallel": true
    },
    "results": {
        "Heuristic (FCFS)": {
            "best_run": {
                "makespan": 21801.707921933194,
                "total_tardiness": 18662.976537785842,
                "total_tardy_units": 136,
                "total_setup_cost": 1332.092270410583,
                "total_setup_time": 888.0615136070553
            },
            "statistics": {
                "makespan": {
                    "mean": 21801.707921933194,
                    "std": 0.0,
                    "best": 21801.707921933194
                },
                "total_tardiness": {
                    "mean": 18662.976537785842,
                    "std": 0.0,
                    "best": 18662.976537785842
                },
                "total_tardy_units": {
                    "mean": 136.0,
                    "std": 0.0,
                    "best": 136.0
                },
                "setup_cost": {
                    "mean": 1332.092270410583,
                    "std": 0.0,
                    "best": 1332.092270410583
                },
                "setup_time": {
                    "mean": 888.0615136070553,
                    "std": 0.0,
                    "best": 888.0615136070553
                },
                "duration_seconds": {
                    "mean": 0.026200056076049805,
                    "std": 0.0
                }
            }
        },
        "Heuristic (EDD)": {
            "best_run": {
                "makespan": 21831.048056582844,
                "total_tardiness": 18271.6973195425,
                "total_tardy_units": 123,
                "total_setup_cost": 1391.5023508145905,
                "total_setup_time": 927.6682338763937
            },
            "statistics": {
                "makespan": {
                    "mean": 21831.048056582844,
                    "std": 0.0,
                    "best": 21831.048056582844
                },
                "total_tardiness": {
                    "mean": 18271.6973195425,
                    "std": 0.0,
                    "best": 18271.6973195425
                },
                "total_tardy_units": {
                    "mean": 123.0,
                    "std": 0.0,
                    "best": 123.0
                },
                "setup_cost": {
                    "mean": 1391.5023508145905,
                    "std": 0.0,
                    "best": 1391.5023508145905
                },
                "setup_time": {
                    "mean": 927.6682338763937,
                    "std": 0.0,
                    "best": 927.6682338763937
                },
                "duration_seconds": {
                    "mean": 0.005910158157348633,
                    "std": 0.0
                }
            }
        },
        "SSO": {
            "best_run": {
                "makespan": 21375.709820464366,
                "total_tardiness": 22563.659458349393,
                "total_tardy_units": 163,
                "total_setup_cost": 8237.52887295845,
                "total_setup_time": 5491.685915305633
            },
            "statistics": {
                "makespan": {
                    "mean": 21375.709820464366,
                    "std": 0.0,
                    "best": 21375.709820464366
                },
                "total_tardiness": {
                    "mean": 22563.659458349393,
                    "std": 0.0,
                    "best": 22563.659458349393
                },
                "total_tardy_units": {
                    "mean": 163.0,
                    "std": 0.0,
                    "best": 163.0
                },
                "setup_cost": {
                    "mean": 8237.52887295845,
                    "std": 0.0,
                    "best": 8237.52887295845
                },
                "setup_time": {
                    "mean": 5491.685915305633,
                    "std": 0.0,
                    "best": 5491.685915305633
                },
                "duration_seconds": {
                    "mean": 4.099841833114624,
                    "std": 0.0
                }
            }
        },
        "HFGA-TS": {
            "best_run": {
                "makespan": 21579.98202008016,
                "total_tardiness": 22684.281113950827,
                "total_tardy_units": 167,
                "total_setup_cost": 8329.504806124873,
                "total_setup_time": 5553.003204083249
            },
            "statistics": {
                "makespan": {
                    "mean": 21579.98202008016,
                    "std": 0.0,
                    "best": 21579.98202008016
                },
                "total_tardiness": {
                    "mean": 22684.281113950827,
                    "std": 0.0,
                    "best": 22684.281113950827
                },
                "total_tardy_units": {
                    "mean": 167.0,
                    "std": 0.0,
                    "best": 167.0
                },
                "setup_cost": {
                    "mean": 8329.504806124873,
                    "std": 0.0,
                    "best": 8329.504806124873
                },
                "setup_time": {
                    "mean": 5553.003204083249,
                    "std": 0.0,
                    "best": 5553.003204083249
                },
                "duration_seconds": {
                    "mean": 2.8582520484924316,
                    "std": 0.0
                }
            }
        }
    }
}