{
    "dataset_name": "problem1",
    "timestamp": "20260628_214151",
    "number_of_runs": 1,
    "parameters": {
        "pop_size": 31,
        "max_gens": 254,
        "elitism_rate": 0.1,
        "stall_limit": 100,
        "split_threshold": 150,
        "pc_bounds": [
            0.5,
            0.95
        ],
        "pm_bounds": [
            0.05,
            0.2
        ],
        "ts_iter": 30,
        "tabu_size": 15,
        "use_parallel": true
    },
    "results": {
        "Heuristic (FCFS)": {
            "best_run": {
                "makespan": 21801.707921933194,
                "total_tardiness": 18662.976537785842,
                "total_setup_cost": 1332.092270410583,
                "total_setup_time": 888.0615136070553
            },
            "statistics": {
                "makespan": {
                    "mean": 21801.707921933194,
                    "std": 0.0,
                    "best": 21801.707921933194
                },
                "total_tardiness": {
                    "mean": 18662.976537785842,
                    "std": 0.0,
                    "best": 18662.976537785842
                },
                "setup_cost": {
                    "mean": 1332.092270410583,
                    "std": 0.0,
                    "best": 1332.092270410583
                },
                "setup_time": {
                    "mean": 888.0615136070553,
                    "std": 0.0,
                    "best": 888.0615136070553
                },
                "duration_seconds": {
                    "mean": 0.004865169525146484,
                    "std": 0.0
                }
            }
        },
        "Heuristic (EDD)": {
            "best_run": {
                "makespan": 21831.048056582844,
                "total_tardiness": 18271.6973195425,
                "total_setup_cost": 1391.5023508145905,
                "total_setup_time": 927.6682338763937
            },
            "statistics": {
                "makespan": {
                    "mean": 21831.048056582844,
                    "std": 0.0,
                    "best": 21831.048056582844
                },
                "total_tardiness": {
                    "mean": 18271.6973195425,
                    "std": 0.0,
                    "best": 18271.6973195425
                },
                "setup_cost": {
                    "mean": 1391.5023508145905,
                    "std": 0.0,
                    "best": 1391.5023508145905
                },
                "setup_time": {
                    "mean": 927.6682338763937,
                    "std": 0.0,
                    "best": 927.6682338763937
                },
                "duration_seconds": {
                    "mean": 0.005176067352294922,
                    "std": 0.0
                }
            }
        },
        "SSO": {
            "best_run": {
                "makespan": 20533.264069663623,
                "total_tardiness": 17895.225678410367,
                "total_setup_cost": 8560.527525512001,
                "total_setup_time": 5707.018350341335
            },
            "statistics": {
                "makespan": {
                    "mean": 20533.264069663623,
                    "std": 0.0,
                    "best": 20533.264069663623
                },
                "total_tardiness": {
                    "mean": 17895.225678410367,
                    "std": 0.0,
                    "best": 17895.225678410367
                },
                "setup_cost": {
                    "mean": 8560.527525512001,
                    "std": 0.0,
                    "best": 8560.527525512001
                },
                "setup_time": {
                    "mean": 5707.018350341335,
                    "std": 0.0,
                    "best": 5707.018350341335
                },
                "duration_seconds": {
                    "mean": 11.123316049575806,
                    "std": 0.0
                }
            }
        },
        "HFGA-TS": {
            "best_run": {
                "makespan": 20971.71165287054,
                "total_tardiness": 18480.201515404573,
                "total_setup_cost": 7016.698320624975,
                "total_setup_time": 4677.798880416651
            },
            "statistics": {
                "makespan": {
                    "mean": 20971.71165287054,
                    "std": 0.0,
                    "best": 20971.71165287054
                },
                "total_tardiness": {
                    "mean": 18480.201515404573,
                    "std": 0.0,
                    "best": 18480.201515404573
                },
                "setup_cost": {
                    "mean": 7016.698320624975,
                    "std": 0.0,
                    "best": 7016.698320624975
                },
                "setup_time": {
                    "mean": 4677.798880416651,
                    "std": 0.0,
                    "best": 4677.798880416651
                },
                "duration_seconds": {
                    "mean": 13.11382508277893,
                    "std": 0.0
                }
            }
        }
    }
}