{
    "dataset_name": "problem1",
    "timestamp": "20260628_212928",
    "number_of_runs": 3,
    "parameters": {
        "pop_size": 50,
        "max_gens": 1000,
        "elitism_rate": 0.1,
        "stall_limit": 100,
        "split_threshold": 150,
        "pc_bounds": [
            0.5,
            0.95
        ],
        "pm_bounds": [
            0.05,
            0.2
        ],
        "ts_iter": 30,
        "tabu_size": 10,
        "use_parallel": true
    },
    "results": {
        "Heuristic (FCFS)": {
            "best_run": {
                "makespan": 21801.707921933194,
                "total_tardiness": 18662.976537785842,
                "total_setup_cost": 1332.092270410583,
                "total_setup_time": 888.0615136070553
            },
            "statistics": {
                "makespan": {
                    "mean": 21801.707921933194,
                    "std": 0.0,
                    "best": 21801.707921933194
                },
                "total_tardiness": {
                    "mean": 18662.976537785842,
                    "std": 0.0,
                    "best": 18662.976537785842
                },
                "setup_cost": {
                    "mean": 1332.092270410583,
                    "std": 0.0,
                    "best": 1332.092270410583
                },
                "setup_time": {
                    "mean": 888.0615136070552,
                    "std": 1.1368683772161603e-13,
                    "best": 888.0615136070553
                },
                "duration_seconds": {
                    "mean": 0.02756214141845703,
                    "std": 0.0
                }
            }
        },
        "Heuristic (EDD)": {
            "best_run": {
                "makespan": 21831.048056582844,
                "total_tardiness": 18271.6973195425,
                "total_setup_cost": 1391.5023508145905,
                "total_setup_time": 927.6682338763937
            },
            "statistics": {
                "makespan": {
                    "mean": 21831.048056582844,
                    "std": 0.0,
                    "best": 21831.048056582844
                },
                "total_tardiness": {
                    "mean": 18271.6973195425,
                    "std": 0.0,
                    "best": 18271.6973195425
                },
                "setup_cost": {
                    "mean": 1391.5023508145905,
                    "std": 0.0,
                    "best": 1391.5023508145905
                },
                "setup_time": {
                    "mean": 927.6682338763936,
                    "std": 1.1368683772161603e-13,
                    "best": 927.6682338763937
                },
                "duration_seconds": {
                    "mean": 0.005415916442871094,
                    "std": 0.0
                }
            }
        },
        "Heuristic (SPT)": {
            "best_run": {
                "makespan": 20090.158091689256,
                "total_tardiness": 16225.077435319181,
                "total_setup_cost": 2405.1178518354263,
                "total_setup_time": 1603.4119012236176
            },
            "statistics": {
                "makespan": {
                    "mean": 20090.158091689256,
                    "std": 0.0,
                    "best": 20090.158091689256
                },
                "total_tardiness": {
                    "mean": 16225.077435319181,
                    "std": 0.0,
                    "best": 16225.077435319181
                },
                "setup_cost": {
                    "mean": 2405.1178518354263,
                    "std": 0.0,
                    "best": 2405.1178518354263
                },
                "setup_time": {
                    "mean": 1603.4119012236176,
                    "std": 0.0,
                    "best": 1603.4119012236176
                },
                "duration_seconds": {
                    "mean": 0.005347013473510742,
                    "std": 0.0
                }
            }
        },
        "Heuristic (LPT)": {
            "best_run": {
                "makespan": 20697.78338998827,
                "total_tardiness": 16719.982132214514,
                "total_setup_cost": 2607.639634280231,
                "total_setup_time": 1738.426422853487
            },
            "statistics": {
                "makespan": {
                    "mean": 20697.78338998827,
                    "std": 0.0,
                    "best": 20697.78338998827
                },
                "total_tardiness": {
                    "mean": 16719.982132214514,
                    "std": 0.0,
                    "best": 16719.982132214514
                },
                "setup_cost": {
                    "mean": 2607.639634280231,
                    "std": 0.0,
                    "best": 2607.639634280231
                },
                "setup_time": {
                    "mean": 1738.4264228534873,
                    "std": 2.2737367544323206e-13,
                    "best": 1738.426422853487
                },
                "duration_seconds": {
                    "mean": 0.005360841751098633,
                    "std": 0.0
                }
            }
        },
        "Standard GA": {
            "best_run": {
                "makespan": 20309.46002363758,
                "total_tardiness": 16152.962949131708,
                "total_setup_cost": 7971.5283912178065,
                "total_setup_time": 5314.352260811871
            },
            "statistics": {
                "makespan": {
                    "mean": 20572.187238417846,
                    "std": 186.36284920394,
                    "best": 20309.46002363758
                },
                "total_tardiness": {
                    "mean": 16968.89432780973,
                    "std": 578.3292707597702,
                    "best": 16152.962949131708
                },
                "setup_cost": {
                    "mean": 7883.250790310459,
                    "std": 254.97440088567177,
                    "best": 7536.3361378737645
                },
                "setup_time": {
                    "mean": 5255.500526873639,
                    "std": 169.9829339237812,
                    "best": 5024.224091915843
                },
                "duration_seconds": {
                    "mean": 46.602281967798866,
                    "std": 1.2342289888389857
                }
            }
        },
        "GA-Tabu": {
            "best_run": {
                "makespan": 20062.28160285758,
                "total_tardiness": 14417.473833674185,
                "total_setup_cost": 6182.2072770418235,
                "total_setup_time": 4121.471518027883
            },
            "statistics": {
                "makespan": {
                    "mean": 20301.048170506638,
                    "std": 169.55434750403197,
                    "best": 20062.28160285758
                },
                "total_tardiness": {
                    "mean": 15248.438470542578,
                    "std": 712.0512933972987,
                    "best": 14417.473833674185
                },
                "setup_cost": {
                    "mean": 6371.800840442124,
                    "std": 423.14626726415315,
                    "best": 5975.049195446328
                },
                "setup_time": {
                    "mean": 4247.867226961417,
                    "std": 282.09751150943566,
                    "best": 3983.3661302975515
                },
                "duration_seconds": {
                    "mean": 66.22358163197835,
                    "std": 2.0250537359117264
                }
            }
        },
        "FLC-GA": {
            "best_run": {
                "makespan": 20837.13112597046,
                "total_tardiness": 18730.889565670863,
                "total_setup_cost": 8019.016643726129,