{
    "dataset_name": "problem300",
    "timestamp": "20260628_222846",
    "number_of_runs": 2,
    "parameters": {
        "pop_size": 70,
        "max_gens": 1001,
        "elitism_rate": 0.1,
        "stall_limit": 100,
        "split_threshold": 150,
        "pc_bounds": [
            0.5,
            0.95
        ],
        "pm_bounds": [
            0.05,
            0.2
        ],
        "ts_iter": 30,
        "tabu_size": 15,
        "use_parallel": true
    },
    "results": {
        "Heuristic (FCFS)": {
            "best_run": {
                "makespan": 32371.28305904748,
                "total_tardiness": 10226.59312187905,
                "total_tardy_units": 49,
                "total_setup_cost": 4071.125844603867,
                "total_setup_time": 2714.083896402578
            },
            "statistics": {
                "makespan": {
                    "mean": 32371.28305904748,
                    "std": 0.0,
                    "best": 32371.28305904748
                },
                "total_tardiness": {
                    "mean": 10226.59312187905,
                    "std": 0.0,
                    "best": 10226.59312187905
                },
                "total_tardy_units": {
                    "mean": 49.0,
                    "std": 0.0,
                    "best": 49.0
                },
                "setup_cost": {
                    "mean": 4071.125844603867,
                    "std": 0.0,
                    "best": 4071.125844603867
                },
                "setup_time": {
                    "mean": 2714.083896402578,
                    "std": 0.0,
                    "best": 2714.083896402578
                },
                "duration_seconds": {
                    "mean": 0.03616595268249512,
                    "std": 0.0
                }
            }
        },
        "Heuristic (EDD)": {
            "best_run": {
                "makespan": 33497.81708633354,
                "total_tardiness": 10590.476977533071,
                "total_tardy_units": 49,
                "total_setup_cost": 4165.224007656369,
                "total_setup_time": 2776.8160051042464
            },
            "statistics": {
                "makespan": {
                    "mean": 33497.81708633354,
                    "std": 0.0,
                    "best": 33497.81708633354
                },
                "total_tardiness": {
                    "mean": 10590.476977533071,
                    "std": 0.0,
                    "best": 10590.476977533071
                },
                "total_tardy_units": {
                    "mean": 49.0,
                    "std": 0.0,
                    "best": 49.0
                },
                "setup_cost": {
                    "mean": 4165.224007656369,
                    "std": 0.0,
                    "best": 4165.224007656369
                },
                "setup_time": {
                    "mean": 2776.8160051042464,
                    "std": 0.0,
                    "best": 2776.8160051042464
                },
                "duration_seconds": {
                    "mean": 0.00976109504699707,
                    "std": 0.0
                }
            }
        },
        "Heuristic (SPT)": {
            "best_run": {
                "makespan": 32790.22957347693,
                "total_tardiness": 13770.44629616927,
                "total_tardy_units": 49,
                "total_setup_cost": 7436.510331645848,
                "total_setup_time": 4957.673554430566
            },
            "statistics": {
                "makespan": {
                    "mean": 32790.22957347693,
                    "std": 0.0,
                    "best": 32790.22957347693
                },
                "total_tardiness": {
                    "mean": 13770.44629616927,
                    "std": 0.0,
                    "best": 13770.44629616927
                },
                "total_tardy_units": {
                    "mean": 49.0,
                    "std": 0.0,
                    "best": 49.0
                },
                "setup_cost": {
                    "mean": 7436.510331645848,
                    "std": 0.0,
                    "best": 7436.510331645848
                },
                "setup_time": {
                    "mean": 4957.673554430566,
                    "std": 0.0,
                    "best": 4957.673554430566
                },
                "duration_seconds": {
                    "mean": 0.010142087936401367,
                    "std": 0.0
                }
            }
        },
        "Heuristic (LPT)": {
            "best_run": {
                "makespan": 32240.766054873435,
                "total_tardiness": 14374.902069502376,
                "total_tardy_units": 49,
                "total_setup_cost": 7649.595858862026,
                "total_setup_time": 5099.730572574684
            },
            "statistics": {
                "makespan": {
                    "mean": 32240.766054873435,
                    "std": 0.0,
                    "best": 32240.766054873435
                },
                "total_tardiness": {
                    "mean": 14374.902069502376,
                    "std": 0.0,
                    "best": 14374.902069502376
                },
                "total_tardy_units": {
                    "mean": 49.0,
                    "std": 0.0,
                    "best": 49.0
                },
                "setup_cost": {
                    "mean": 7649.595858862026,
                    "std": 0.0,
                    "best": 7649.595858862026
                },
                "setup_time": {
                    "mean": 5099.730572574684,
                    "std": 0.0,
                    "best": 5099.730572574684
                },
                "duration_seconds": {
                    "mean": 0.010232925415039062,
                    "std": 0.0
                }
            }
        },
        "Standard GA": {
            "best_run": {
                "makespan": 37576.04188074663,
                "total_tardiness": 11370.91634156177,
                "total_tardy_units": 49,
                "total_setup_cost": 29159.0053828769,
                "total_setup_time": 19439.336921917933
            },
            "statistics": {
                "makespan": {
                    "mean": 35739.96605145351,
                    "std": 1836.0758292931132,
                    "best": 33903.8902221604
                },
                "total_tardiness": {
                    "mean": 12595.516411442033,
                    "std": 1224.6000698802636,
                    "best": 11370.91634156177
                },
                "total_tardy_units": {
                    "mean": 49.0,
                    "std": 0.0,
                    "best": 49.0
                },
                "setup_cost": {
                    "mean": 30234.927704923335,
                    "std": 1075.9223220464319,
                    "best": 29159.0053828769
                },
                "setup_time": {
                    "mean": 20156.618469948888,
                    "std": 717.2815480309546,
                    "best": 19439.336921917933
                },
                "duration_seconds": {
                    "mean": 114.91911458969116,
                    "std": 0.20167136192321777
                }
            }
        },
        "GA-Tabu": {
            "best_run": {
                "makespan": 33133.9490707378,
                "total_tardiness": 12187.676016007706,
                "total_tardy_units": 49,
                "total_setup_cost": 27707.584052816146,
                "total_setup_time": 18471.722701877432
            },
            "statistics": {
                "makespan": {
                    "mean": 33849.794694503275,
                    "std": 715.8456237654718,
                    "best": 33133.9490707378
                },