{
    "dataset_name": "problem300",
    "timestamp": "20260628_220144",
    "number_of_runs": 3,
    "parameters": {
        "pop_size": 10,
        "max_gens": 50,
        "elitism_rate": 0.1,
        "stall_limit": 100,
        "split_threshold": 150,
        "pc_bounds": [
            0.5,
            0.95
        ],
        "pm_bounds": [
            0.05,
            0.2
        ],
        "ts_iter": 30,
        "tabu_size": 15,
        "use_parallel": true
    },
    "results": {
        "Heuristic (FCFS)": {
            "best_run": {
                "makespan": 32371.28305904748,
                "total_tardiness": 10226.59312187905,
                "total_tardy_units": 49,
                "total_setup_cost": 4071.125844603867,
                "total_setup_time": 2714.083896402578
            },
            "statistics": {
                "makespan": {
                    "mean": 32371.28305904748,
                    "std": 0.0,
                    "best": 32371.28305904748
                },
                "total_tardiness": {
                    "mean": 10226.59312187905,
                    "std": 0.0,
                    "best": 10226.59312187905
                },
                "total_tardy_units": {
                    "mean": 49.0,
                    "std": 0.0,
                    "best": 49.0
                },
                "setup_cost": {
                    "mean": 4071.125844603867,
                    "std": 0.0,
                    "best": 4071.125844603867
                },
                "setup_time": {
                    "mean": 2714.083896402578,
                    "std": 0.0,
                    "best": 2714.083896402578
                },
                "duration_seconds": {
                    "mean": 0.032654762268066406,
                    "std": 0.0
                }
            }
        },
        "Heuristic (EDD)": {
            "best_run": {
                "makespan": 33497.81708633354,
                "total_tardiness": 10590.476977533071,
                "total_tardy_units": 49,
                "total_setup_cost": 4165.224007656369,
                "total_setup_time": 2776.8160051042464
            },
            "statistics": {
                "makespan": {
                    "mean": 33497.81708633354,
                    "std": 0.0,
                    "best": 33497.81708633354
                },
                "total_tardiness": {
                    "mean": 10590.476977533071,
                    "std": 0.0,
                    "best": 10590.476977533071
                },
                "total_tardy_units": {
                    "mean": 49.0,
                    "std": 0.0,
                    "best": 49.0
                },
                "setup_cost": {
                    "mean": 4165.224007656369,
                    "std": 0.0,
                    "best": 4165.224007656369
                },
                "setup_time": {
                    "mean": 2776.8160051042464,
                    "std": 0.0,
                    "best": 2776.8160051042464
                },
                "duration_seconds": {
                    "mean": 0.01026296615600586,
                    "std": 0.0
                }
            }
        },
        "Heuristic (SPT)": {
            "best_run": {
                "makespan": 32790.22957347693,
                "total_tardiness": 13770.44629616927,
                "total_tardy_units": 49,
                "total_setup_cost": 7436.510331645848,
                "total_setup_time": 4957.673554430566
            },
            "statistics": {
                "makespan": {
                    "mean": 32790.22957347693,
                    "std": 0.0,
                    "best": 32790.22957347693
                },
                "total_tardiness": {
                    "mean": 13770.44629616927,
                    "std": 0.0,
                    "best": 13770.44629616927
                },
                "total_tardy_units": {
                    "mean": 49.0,
                    "std": 0.0,
                    "best": 49.0
                },
                "setup_cost": {
                    "mean": 7436.510331645848,
                    "std": 0.0,
                    "best": 7436.510331645848
                },
                "setup_time": {
                    "mean": 4957.673554430566,
                    "std": 0.0,
                    "best": 4957.673554430566
                },
                "duration_seconds": {
                    "mean": 0.00966787338256836,
                    "std": 0.0
                }
            }
        },
        "Heuristic (LPT)": {
            "best_run": {
                "makespan": 32240.766054873435,
                "total_tardiness": 14374.902069502376,
                "total_tardy_units": 49,
                "total_setup_cost": 7649.595858862026,
                "total_setup_time": 5099.730572574684
            },
            "statistics": {
                "makespan": {
                    "mean": 32240.76605487343,
                    "std": 3.637978807091713e-12,
                    "best": 32240.766054873435
                },
                "total_tardiness": {
                    "mean": 14374.902069502374,
                    "std": 1.8189894035458565e-12,
                    "best": 14374.902069502376
                },
                "total_tardy_units": {
                    "mean": 49.0,
                    "std": 0.0,
                    "best": 49.0
                },
                "setup_cost": {
                    "mean": 7649.595858862026,
                    "std": 0.0,
                    "best": 7649.595858862026
                },
                "setup_time": {
                    "mean": 5099.730572574684,
                    "std": 0.0,
                    "best": 5099.730572574684
                },
                "duration_seconds": {
                    "mean": 0.009585857391357422,
                    "std": 0.0
                }
            }
        },
        "Standard GA": {
            "best_run": {
                "makespan": 36309.737508245154,
                "total_tardiness": 17708.876442095534,
                "total_tardy_units": 49,
                "total_setup_cost": 29738.205784215817,
                "total_setup_time": 19825.470522810545
            },
            "statistics": {
                "makespan": {
                    "mean": 35699.227998092305,
                    "std": 481.0932343244154,
                    "best": 35133.90660986432
                },
                "total_tardiness": {
                    "mean": 18064.147616789385,
                    "std": 272.6038650501846,
                    "best": 17708.876442095534
                },
                "total_tardy_units": {
                    "mean": 49.0,
                    "std": 0.0,
                    "best": 49.0
                },
                "setup_cost": {
                    "mean": 31045.86027650569,
                    "std": 925.5200812782697,
                    "best": 29738.205784215817
                },
                "setup_time": {
                    "mean": 20697.240184337123,
                    "std": 617.0133875188458,
                    "best": 19825.470522810545
                },
                "duration_seconds": {
                    "mean": 4.0426719188690186,
                    "std": 0.6355546694198587
                }
            }
        },
        "GA-Tabu": {
            "best_run": {
                "makespan": 36309.737508245154,
                "total_tardiness": 17708.876442095534,
                "total_tardy_units": 49,
                "total_setup_cost": 29738.205784215817,
                "total_setup_time": 19825.470522810545
            },
            "statistics": {
                "makespan": {
                    "mean": 35699.227998092305,
                    "std": 481.0932343244154,